{
    "0.1": {
        "1": {
            "perf": {
                "top-1": 54.83,
                "top-5": 82.33
            },
            "comp": 0.014051869099499407
        },
        "2": {
            "perf": {
                "top-1": 51.83,
                "top-5": 79.65
            },
            "comp": 0.028103738198998814
        },
        "3": {
            "perf": {
                "top-1": 43.66,
                "top-5": 71.74000000000001
            },
            "comp": 0.042155607298498224
        },
        "4": {
            "perf": {
                "top-1": 20.09,
                "top-5": 41.14
            },
            "comp": 0.05620747639799763
        },
        "5": {
            "perf": {
                "top-1": 8.23,
                "top-5": 20.11
            },
            "comp": 0.07025934549749703
        },
        "6": {
            "perf": {
                "top-1": 1.5599999999999998,
                "top-5": 5.53
            },
            "comp": 0.08431121459699645
        },
        "7": {
            "perf": {
                "top-1": 0.7799999999999999,
                "top-5": 3.0300000000000002
            },
            "comp": 0.09836308369649585
        },
        "8": {
            "perf": {
                "top-1": 0.95,
                "top-5": 3.39
            },
            "comp": 0.11241495279599525
        },
        "9": {
            "perf": {
                "top-1": 0.48,
                "top-5": 2.37
            },
            "comp": 0.12646682189549466
        }
    },
    "0.2": {
        "1": {
            "perf": {
                "top-1": 55.50000000000001,
                "top-5": 82.67999999999999
            },
            "comp": 0.012487589596465136
        },
        "2": {
            "perf": {
                "top-1": 54.08,
                "top-5": 81.47
            },
            "comp": 0.024975179192930273
        },
        "3": {
            "perf": {
                "top-1": 49.65,
                "top-5": 77.77
            },
            "comp": 0.037462768789395404
        },
        "4": {
            "perf": {
                "top-1": 34.98,
                "top-5": 61.92999999999999
            },
            "comp": 0.049950358385860545
        },
        "5": {
            "perf": {
                "top-1": 21.63,
                "top-5": 43.88
            },
            "comp": 0.06243794798232568
        },
        "6": {
            "perf": {
                "top-1": 8.870000000000001,
                "top-5": 21.02
            },
            "comp": 0.07492553757879081
        },
        "7": {
            "perf": {
                "top-1": 4.87,
                "top-5": 12.32
            },
            "comp": 0.08741312717525594
        },
        "8": {
            "perf": {
                "top-1": 3.11,
                "top-5": 8.9
            },
            "comp": 0.09990071677172109
        },
        "9": {
            "perf": {
                "top-1": 1.4200000000000002,
                "top-5": 5.16
            },
            "comp": 0.11238830636818622
        }
    },
    "0.30000000000000004": {
        "1": {
            "perf": {
                "top-1": 55.489999999999995,
                "top-5": 82.83
            },
            "comp": 0.010933463631787273
        },
        "2": {
            "perf": {
                "top-1": 54.64,
                "top-5": 81.96
            },
            "comp": 0.021866927263574545
        },
        "3": {
            "perf": {
                "top-1": 52.900000000000006,
                "top-5": 79.95
            },
            "comp": 0.03280039089536182
        },
        "4": {
            "perf": {
                "top-1": 43.84,
                "top-5": 72.05
            },
            "comp": 0.04373385452714909
        },
        "5": {
            "perf": {
                "top-1": 35.93,
                "top-5": 62.4
            },
            "comp": 0.054667318158936364
        },
        "6": {
            "perf": {
                "top-1": 21.16,
                "top-5": 42.67
            },
            "comp": 0.06560078179072364
        },
        "7": {
            "perf": {
                "top-1": 15.160000000000002,
                "top-5": 32.83
            },
            "comp": 0.0765342454225109
        },
        "8": {
            "perf": {
                "top-1": 11.29,
                "top-5": 28.07
            },
            "comp": 0.08746770905429818
        },
        "9": {
            "perf": {
                "top-1": 6.01,
                "top-5": 17.080000000000002
            },
            "comp": 0.09840117268608545
        }
    },
    "0.4": {
        "1": {
            "perf": {
                "top-1": 55.47,
                "top-5": 82.98
            },
            "comp": 0.009369184128753
        },
        "2": {
            "perf": {
                "top-1": 54.67999999999999,
                "top-5": 82.28999999999999
            },
            "comp": 0.018738368257506
        },
        "3": {
            "perf": {
                "top-1": 53.18000000000001,
                "top-5": 80.95
            },
            "comp": 0.028107552386259
        },
        "4": {
            "perf": {
                "top-1": 48.27,
                "top-5": 76.44999999999999
            },
            "comp": 0.037476736515012
        },
        "5": {
            "perf": {
                "top-1": 43.71,
                "top-5": 72.03
            },
            "comp": 0.046845920643765006
        },
        "6": {
            "perf": {
                "top-1": 33.739999999999995,
                "top-5": 59.79
            },
            "comp": 0.056215104772518
        },
        "7": {
            "perf": {
                "top-1": 27.76,
                "top-5": 52.480000000000004
            },
            "comp": 0.065584288901271
        },
        "8": {
            "perf": {
                "top-1": 21.97,
                "top-5": 44.14
            },
            "comp": 0.074953473030024
        },
        "9": {
            "perf": {
                "top-1": 14.180000000000001,
                "top-5": 32.43
            },
            "comp": 0.084322657158777
        }
    },
    "0.5": {
        "1": {
            "perf": {
                "top-1": 55.24,
                "top-5": 82.99
            },
            "comp": 0.007825218312808082
        },
        "2": {
            "perf": {
                "top-1": 54.7,
                "top-5": 82.28999999999999
            },
            "comp": 0.015650436625616163
        },
        "3": {
            "perf": {
                "top-1": 54.43,
                "top-5": 81.63
            },
            "comp": 0.023475654938424243
        },
        "4": {
            "perf": {
                "top-1": 51.190000000000005,
                "top-5": 78.63
            },
            "comp": 0.031300873251232326
        },
        "5": {
            "perf": {
                "top-1": 48.24,
                "top-5": 76.55999999999999
            },
            "comp": 0.039126091564040406
        },
        "6": {
            "perf": {
                "top-1": 42.22,
                "top-5": 70.0
            },
            "comp": 0.046951309876848486
        },
        "7": {
            "perf": {
                "top-1": 37.330000000000005,
                "top-5": 64.71000000000001
            },
            "comp": 0.054776528189656566
        },
        "8": {
            "perf": {
                "top-1": 32.5,
                "top-5": 59.21999999999999
            },
            "comp": 0.06260174650246465
        },
        "9": {
            "perf": {
                "top-1": 26.33,
                "top-5": 52.019999999999996
            },
            "comp": 0.07042696481527273
        }
    },
    "0.6": {
        "1": {
            "perf": {
                "top-1": 55.620000000000005,