{
    "0.1": {
        "1": {
            "perf": {
                "top-1": 0.4579326923076923,
                "top-5": 0.6813902243589743
            },
            "comp": 0.014051869099499407
        },
        "2": {
            "perf": {
                "top-1": 0.35106169871794873,
                "top-5": 0.5667067307692307
            },
            "comp": 0.028103738198998814
        },
        "3": {
            "perf": {
                "top-1": 0.1872996794871795,
                "top-5": 0.3518629807692308
            },
            "comp": 0.042155607298498224
        },
        "4": {
            "perf": {
                "top-1": 0.034555288461538464,
                "top-5": 0.11227964743589744
            },
            "comp": 0.05620747639799763
        },
        "5": {
            "perf": {
                "top-1": 0.017127403846153848,
                "top-5": 0.07542067307692307
            },
            "comp": 0.07025934549749703
        },
        "6": {
            "perf": {
                "top-1": 0.016526442307692308,
                "top-5": 0.060396634615384616
            },
            "comp": 0.08431121459699645
        },
        "7": {
            "perf": {
                "top-1": 0.01312099358974359,
                "top-5": 0.05398637820512821
            },
            "comp": 0.09836308369649585
        },
        "8": {
            "perf": {
                "top-1": 0.015825320512820512,
                "top-5": 0.07351762820512821
            },
            "comp": 0.11241495279599525
        },
        "9": {
            "perf": {
                "top-1": 0.017227564102564104,
                "top-5": 0.0765224358974359
            },
            "comp": 0.12646682189549466
        }
    },
    "0.2": {
        "1": {
            "perf": {
                "top-1": 0.46534455128205127,
                "top-5": 0.6879006410256411
            },
            "comp": 0.012487589596465136
        },
        "2": {
            "perf": {
                "top-1": 0.38070913461538464,
                "top-5": 0.606270032051282
            },
            "comp": 0.024975179192930273
        },
        "3": {
            "perf": {
                "top-1": 0.2943709935897436,
                "top-5": 0.49659455128205127
            },
            "comp": 0.037462768789395404
        },
        "4": {
            "perf": {
                "top-1": 0.07712339743589744,
                "top-5": 0.19801682692307693
            },
            "comp": 0.049950358385860545
        },
        "5": {
            "perf": {
                "top-1": 0.04266826923076923,
                "top-5": 0.1321113782051282
            },
            "comp": 0.06243794798232568
        },
        "6": {
            "perf": {
                "top-1": 0.015424679487179488,
                "top-5": 0.07351762820512821
            },
            "comp": 0.07492553757879081
        },
        "7": {
            "perf": {
                "top-1": 0.013020833333333334,
                "top-5": 0.06400240384615384
            },
            "comp": 0.08741312717525594
        },
        "8": {
            "perf": {
                "top-1": 0.01782852564102564,
                "top-5": 0.07241586538461539
            },
            "comp": 0.09990071677172109
        },
        "9": {
            "perf": {
                "top-1": 0.015825320512820512,
                "top-5": 0.06901041666666667
            },
            "comp": 0.11238830636818622
        }
    },
    "0.30000000000000004": {
        "1": {
            "perf": {
                "top-1": 0.46073717948717946,
                "top-5": 0.6837940705128205
            },
            "comp": 0.010933463631787273
        },
        "2": {
            "perf": {
                "top-1": 0.3959334935897436,
                "top-5": 0.6227964743589743
            },
            "comp": 0.021866927263574545
        },
        "3": {
            "perf": {
                "top-1": 0.343349358974359,
                "top-5": 0.5562900641025641
            },
            "comp": 0.03280039089536182
        },
        "4": {
            "perf": {
                "top-1": 0.16165865384615385,
                "top-5": 0.324619391025641
            },
            "comp": 0.04373385452714909
        },
        "5": {
            "perf": {
                "top-1": 0.09425080128205128,
                "top-5": 0.22626201923076922
            },
            "comp": 0.054667318158936364
        },
        "6": {
            "perf": {
                "top-1": 0.04377003205128205,
                "top-5": 0.12399839743589744
            },
            "comp": 0.06560078179072364
        },
        "7": {
            "perf": {
                "top-1": 0.014723557692307692,
                "top-5": 0.08723958333333333
            },
            "comp": 0.0765342454225109
        },
        "8": {
            "perf": {
                "top-1": 0.030548878205128204,
                "top-5": 0.10797275641025642
            },
            "comp": 0.08746770905429818
        },
        "9": {
            "perf": {
                "top-1": 0.019631410256410256,
                "top-5": 0.08373397435897435
            },
            "comp": 0.09840117268608545
        }
    },
    "0.4": {
        "1": {
            "perf": {
                "top-1": 0.4544270833333333,
                "top-5": 0.6786858974358975
            },
            "comp": 0.009369184128753
        },
        "2": {
            "perf": {
                "top-1": 0.3998397435897436,
                "top-5": 0.6216947115384616
            },
            "comp": 0.018738368257506
        },
        "3": {
            "perf": {
                "top-1": 0.36318108974358976,
                "top-5": 0.5798277243589743
            },
            "comp": 0.028107552386259
        },
        "4": {
            "perf": {
                "top-1": 0.24348958333333334,
                "top-5": 0.44521233974358976
            },
            "comp": 0.037476736515012
        },
        "5": {
            "perf": {
                "top-1": 0.20092147435897437,
                "top-5": 0.3874198717948718
            },
            "comp": 0.046845920643765006
        },
        "6": {
            "perf": {
                "top-1": 0.09455128205128205,
                "top-5": 0.22906650641025642
            },
            "comp": 0.056215104772518
        },
        "7": {
            "perf": {
                "top-1": 0.0648036858974359,
                "top-5": 0.18088942307692307
            },
            "comp": 0.065584288901271
        },
        "8": {
            "perf": {
                "top-1": 0.07171474358974358,
                "top-5": 0.16967147435897437
            },
            "comp": 0.074953473030024
        },
        "9": {
            "perf": {
                "top-1": 0.0634014423076923,
                "top-5": 0.14282852564102563
            },
            "comp": 0.084322657158777
        }
    },
    "0.5": {
        "1": {
            "perf": {
                "top-1": 0.4600360576923077,
                "top-5": 0.6831931089743589
            },
            "comp": 0.007825218312808082
        },
        "2": {
            "perf": {
                "top-1": 0.40935496794871795,
                "top-5": 0.6363181089743589
            },
            "comp": 0.015650436625616163
        },
        "3": {
            "perf": {
                "top-1": 0.39002403846153844,
                "top-5": 0.6111778846153846
            },
            "comp": 0.023475654938424243
        },
        "4": {
            "perf": {
                "top-1": 0.3187099358974359,
                "top-5": 0.5418669871794872
            },
            "comp": 0.031300873251232326
        },
        "5": {
            "perf": {
                "top-1": 0.273838141025641,
                "top-5": 0.47896634615384615
            },