{
    "0.1": {
        "0": {
            "perf": {
                "top-1": 0.22,
                "top-5": 1.23,
                "text_enc_time": 6.703879356384277
            },
            "comp": 0.0025774519144189188
        },
        "1": {
            "perf": {
                "top-1": 0.27,
                "top-5": 1.54,
                "text_enc_time": 6.34850287437439
            },
            "comp": 0.0025774519144189188
        },
        "2": {
            "perf": {
                "top-1": 0.19,
                "top-5": 1.09,
                "text_enc_time": 6.073819637298584
            },
            "comp": 0.0025774519144189188
        },
        "3": {
            "perf": {
                "top-1": 0.44999999999999996,
                "top-5": 1.9,
                "text_enc_time": 5.709995746612549
            },
            "comp": 0.0025774519144189188
        },
        "4": {
            "perf": {
                "top-1": 0.31,
                "top-5": 1.22,
                "text_enc_time": 5.441274881362915
            },
            "comp": 0.0025774519144189188
        },
        "5": {
            "perf": {
                "top-1": 0.3,
                "top-5": 1.4500000000000002,
                "text_enc_time": 5.166814565658569
            },
            "comp": 0.0025774519144189188
        }
    },
    "0.2": {
        "0": {
            "perf": {
                "top-1": 2.42,
                "top-5": 8.35,
                "text_enc_time": 6.546608209609985
            },
            "comp": 0.002287877759965237
        },
        "1": {
            "perf": {
                "top-1": 1.8399999999999999,
                "top-5": 7.59,
                "text_enc_time": 6.290234088897705
            },
            "comp": 0.002287877759965237
        },
        "2": {
            "perf": {
                "top-1": 1.8499999999999999,
                "top-5": 7.12,
                "text_enc_time": 6.057687997817993
            },
            "comp": 0.002287877759965237
        },
        "3": {
            "perf": {
                "top-1": 2.35,
                "top-5": 7.62,
                "text_enc_time": 5.723924398422241
            },
            "comp": 0.002287877759965237
        },
        "4": {
            "perf": {
                "top-1": 1.94,
                "top-5": 5.96,
                "text_enc_time": 5.452104568481445
            },
            "comp": 0.002287877759965237
        },
        "5": {
            "perf": {
                "top-1": 1.25,
                "top-5": 4.88,
                "text_enc_time": 5.193339109420776
            },
            "comp": 0.002287877759965237
        }
    },
    "0.30000000000000004": {
        "0": {
            "perf": {
                "top-1": 8.459999999999999,
                "top-5": 22.16,
                "text_enc_time": 6.578239440917969
            },
            "comp": 0.001998303605511555
        },
        "1": {
            "perf": {
                "top-1": 6.5,
                "top-5": 20.02,
                "text_enc_time": 6.2702109813690186
            },
            "comp": 0.001998303605511555
        },
        "2": {
            "perf": {
                "top-1": 4.79,
                "top-5": 14.610000000000001,
                "text_enc_time": 6.044697046279907
            },
            "comp": 0.001998303605511555
        },
        "3": {
            "perf": {
                "top-1": 6.329999999999999,
                "top-5": 17.57,
                "text_enc_time": 5.736148834228516
            },
            "comp": 0.001998303605511555
        },
        "4": {
            "perf": {
                "top-1": 3.83,
                "top-5": 10.77,
                "text_enc_time": 5.432267665863037
            },
            "comp": 0.001998303605511555
        },
        "5": {
            "perf": {
                "top-1": 2.32,
                "top-5": 7.93,
                "text_enc_time": 5.155421018600464
            },
            "comp": 0.001998303605511555
        }
    },
    "0.4": {
        "0": {
            "perf": {
                "top-1": 17.18,
                "top-5": 38.080000000000005,
                "text_enc_time": 6.565289497375488
            },
            "comp": 0.0017226112417795258
        },
        "1": {
            "perf": {
                "top-1": 13.569999999999999,
                "top-5": 32.09,
                "text_enc_time": 6.29447078704834
            },
            "comp": 0.0017226112417795258
        },
        "2": {
            "perf": {
                "top-1": 7.55,
                "top-5": 20.46,
                "text_enc_time": 6.044463634490967
            },
            "comp": 0.0017226112417795258
        },
        "3": {
            "perf": {
                "top-1": 9.06,
                "top-5": 22.66,
                "text_enc_time": 5.742021799087524
            },
            "comp": 0.0017226112417795258
        },
        "4": {
            "perf": {
                "top-1": 5.65,
                "top-5": 15.75,
                "text_enc_time": 5.434279680252075
            },
            "comp": 0.0017226112417795258
        },
        "5": {
            "perf": {
                "top-1": 3.73,
                "top-5": 11.89,
                "text_enc_time": 5.159944295883179
            },
            "comp": 0.0017226112417795258
        }
    },
    "0.5": {
        "0": {
            "perf": {
                "top-1": 27.0,
                "top-5": 53.5,
                "text_enc_time": 6.617555618286133
            },
            "comp": 0.0014330370873258437
        },
        "1": {
            "perf": {
                "top-1": 18.91,
                "top-5": 41.29,
                "text_enc_time": 6.304598569869995
            },
            "comp": 0.0014330370873258437
        },
        "2": {
            "perf": {
                "top-1": 10.33,
                "top-5": 25.929999999999996,
                "text_enc_time": 6.013859510421753
            },
            "comp": 0.0014330370873258437
        },
        "3": {
            "perf": {
                "top-1": 10.059999999999999,
                "top-5": 26.400000000000002,
                "text_enc_time": 5.703319549560547
            },
            "comp": 0.0014330370873258437
        },
        "4": {
            "perf": {
                "top-1": 7.24,
                "top-5": 20.53,
                "text_enc_time": 5.415768146514893
            },
            "comp": 0.0014330370873258437
        },
        "5": {
            "perf": {
                "top-1": 4.1000000000000005,
                "top-5": 12.959999999999999,
                "text_enc_time": 5.092590808868408
            },
            "comp": 0.0014330370873258437
        }
    },
    "0.6": {
        "0": {
            "perf": {
                "top-1": 32.190000000000005,
                "top-5": 60.419999999999995,
                "text_enc_time": 6.38454270362854
            },
            "comp": 0.0011434629328721617
        },
        "1": {
            "perf": {
                "top-1": 25.89,
                "top-5": 53.76,
                "text_enc_time": 6.125787734985352
            },
            "comp": 0.0011434629328721617
        },
        "2": {
            "perf": {
                "top-1": 12.870000000000001,
                "top-5": 30.19,
                "text_enc_time": 5.876693487167358
            },
            "comp": 0.0011434629328721617
        },
        "3": {
            "perf": {
                "top-1": 12.740000000000002,
                "top-5": 30.959999999999997,
                "text_enc_time": 5.690455913543701
            },
            "comp": 0.0011434629328721617
        },
        "4": {
            "perf": {
                "top-1": 9.42,
                "top-5": 24.95,
                "text_enc_time": 5.341003179550171
            },